13,1276-1043-1-ND
2,490-GCM1555G1H220JA16DCT-ND
4,1276-1445-1-ND
2,732-8451-1-ND
3,1276-1043-1-ND
1,PEC11S-9220F-S0015-ND
1,WM1733-ND
1,1175-2643-1-ND
1,609-10129383-910001ALFCT-ND
1,900-2171790001CT-ND
1,732-5316-ND
8,PJ398SM
3,A130367CT-ND
1,A106025CT-ND
1,A106025CT-ND
2,A130355CT-ND
2,A130336CT-ND
2,A130384CT-ND
1,A130382CT-ND
1,A130378CT-ND
2,P5.10KLCT-ND
4,A130376CT-ND
4,A130380CT-ND
8,A130377CT-ND
2,A130347CT-ND
1,732-13663-1-ND
1,732-13663-1-ND
1,1528-4383-ND
1,2648-SC0914(13)CT-ND
2,1016-1871-1-ND
1,296-REF3450SQDBVRQ1CT-ND
1,150-MCP48FEB24T-20E/STCT-ND
2,595-TL074CPW
1,TLP290(BL-TPSECT-ND
1,2388-SXT22422AA16-12.000M-ND